iteration,result,candidate,metadata
1,1.6,"{""base_SMILES"": ""O=C([O-])C(C)(C)C.[Cs+]"", ""ligand_SMILES"": ""CP(C1=CC=CC=C1)C2=CC=CC=C2"", ""solvent_SMILES"": ""CC1=CC=C(C)C=C1"", ""concentration"": ""0.153"", ""temperature"": ""120""}","{""dataset_path"": ""/home/sjtu/LLMBO/ChemBO-Agent/data/DAR.csv"", ""dataset_target_column"": ""yield"", ""dataset_row_id"": ""1723"", ""oracle_kind"": ""dataset""}"
2,0.65,"{""base_SMILES"": ""O=C([O-])C(C)(C)C.[K+]"", ""ligand_SMILES"": ""P(C1=CC=CC=C1)(C2=CC=CC=C2)C3=CC=CC=C3"", ""solvent_SMILES"": ""CCCCOC(C)=O"", ""concentration"": ""0.1"", ""temperature"": ""90""}","{""dataset_path"": ""/home/sjtu/LLMBO/ChemBO-Agent/data/DAR.csv"", ""dataset_target_column"": ""yield"", ""dataset_row_id"": ""154"", ""oracle_kind"": ""dataset""}"
3,0.0,"{""base_SMILES"": ""O=C([O-])C.[Cs+]"", ""ligand_SMILES"": ""CC(C)(C)P(C1=CC=CC=C1)C(C)(C)C"", ""solvent_SMILES"": ""CC(N(C)C)=O"", ""concentration"": ""0.057"", ""temperature"": ""105""}","{""dataset_path"": ""/home/sjtu/LLMBO/ChemBO-Agent/data/DAR.csv"", ""dataset_target_column"": ""yield"", ""dataset_row_id"": ""397"", ""oracle_kind"": ""dataset""}"
4,8.52,"{""base_SMILES"": ""O=C([O-])C.[K+]"", ""ligand_SMILES"": ""CN(C)C1=CC=CC(N(C)C)=C1C2=CC=CC=C2P(C(C)(C)C)C3=CC=CC=C3"", ""solvent_SMILES"": ""CCCC#N"", ""concentration"": ""0.057"", ""temperature"": ""120""}","{""dataset_path"": ""/home/sjtu/LLMBO/ChemBO-Agent/data/DAR.csv"", ""dataset_target_column"": ""yield"", ""dataset_row_id"": ""506"", ""oracle_kind"": ""dataset""}"
5,16.44,"{""base_SMILES"": ""O=C([O-])C.[K+]"", ""ligand_SMILES"": ""CC(C)C1=CC(C(C)C)=C(C(C(C)C)=C1)C2=C(P(C3CCCCC3)C4CCCCC4)C(OC)=CC=C2OC"", ""solvent_SMILES"": ""CC1=CC=C(C)C=C1"", ""concentration"": ""0.1"", ""temperature"": ""105""}","{""dataset_path"": ""/home/sjtu/LLMBO/ChemBO-Agent/data/DAR.csv"", ""dataset_target_column"": ""yield"", ""dataset_row_id"": ""72"", ""oracle_kind"": ""dataset""}"
6,73.33,"{""base_SMILES"": ""O=C([O-])C(C)(C)C.[K+]"", ""ligand_SMILES"": ""CC(C1=C(C2=CC=CC=C2P(C3CCCCC3)C4CCCCC4)C(C(C)C)=CC(C(C)C)=C1)C"", ""solvent_SMILES"": ""CCCC#N"", ""concentration"": ""0.153"", ""temperature"": ""105""}","{""dataset_path"": ""/home/sjtu/LLMBO/ChemBO-Agent/data/DAR.csv"", ""dataset_target_column"": ""yield"", ""dataset_row_id"": ""707"", ""oracle_kind"": ""dataset""}"
7,9.14,"{""base_SMILES"": ""O=C([O-])C.[K+]"", ""ligand_SMILES"": ""CC(OC1=C(P(C2CCCCC2)C3CCCCC3)C(OC(C)C)=CC=C1)C"", ""solvent_SMILES"": ""CC(N(C)C)=O"", ""concentration"": ""0.153"", ""temperature"": ""90""}","{""dataset_path"": ""/home/sjtu/LLMBO/ChemBO-Agent/data/DAR.csv"", ""dataset_target_column"": ""yield"", ""dataset_row_id"": ""1442"", ""oracle_kind"": ""dataset""}"
8,65.69,"{""base_SMILES"": ""O=C([O-])C(C)(C)C.[Cs+]"", ""ligand_SMILES"": ""C[C@]1(O2)O[C@](C[C@]2(C)P3C4=CC=CC=C4)(C)O[C@]3(C)C1"", ""solvent_SMILES"": ""CCCC#N"", ""concentration"": ""0.1"", ""temperature"": ""105""}","{""dataset_path"": ""/home/sjtu/LLMBO/ChemBO-Agent/data/DAR.csv"", ""dataset_target_column"": ""yield"", ""dataset_row_id"": ""1006"", ""oracle_kind"": ""dataset""}"
9,3.69,"{""base_SMILES"": ""O=C([O-])C(C)(C)C.[Cs+]"", ""ligand_SMILES"": ""P(C1CCCCC1)(C2CCCCC2)C3CCCCC3"", ""solvent_SMILES"": ""CC(N(C)C)=O"", ""concentration"": ""0.1"", ""temperature"": ""90""}","{""dataset_path"": ""/home/sjtu/LLMBO/ChemBO-Agent/data/DAR.csv"", ""dataset_target_column"": ""yield"", ""dataset_row_id"": ""117"", ""oracle_kind"": ""dataset""}"
10,8.31,"{""base_SMILES"": ""O=C([O-])C.[Cs+]"", ""ligand_SMILES"": ""FC(F)(F)C1=CC(P(C2=C(C3=C(C(C)C)C=C(C(C)C)C=C3C(C)C)C(OC)=CC=C2OC)C4=CC(C(F)(F)F)=CC(C(F)(F)F)=C4)=CC(C(F)(F)F)=C1"", ""solvent_SMILES"": ""CC1=CC=C(C)C=C1"", ""concentration"": ""0.1"", ""temperature"": ""120""}","{""dataset_path"": ""/home/sjtu/LLMBO/ChemBO-Agent/data/DAR.csv"", ""dataset_target_column"": ""yield"", ""dataset_row_id"": ""1143"", ""oracle_kind"": ""dataset""}"
11,29.23,"{""base_SMILES"": ""O=C([O-])C(C)(C)C.[Cs+]"", ""ligand_SMILES"": ""CC(OC1=C(P(C2CCCCC2)C3CCCCC3)C(OC(C)C)=CC=C1)C"", ""solvent_SMILES"": ""CCCC#N"", ""concentration"": ""0.057"", ""temperature"": ""90""}","{""dataset_path"": ""/home/sjtu/LLMBO/ChemBO-Agent/data/DAR.csv"", ""dataset_target_column"": ""yield"", ""dataset_row_id"": ""1196"", ""oracle_kind"": ""dataset""}"
12,34.6,"{""base_SMILES"": ""O=C([O-])C.[Cs+]"", ""ligand_SMILES"": ""P(C1=CC=CO1)(C2=CC=CO2)C3=CC=CO3"", ""solvent_SMILES"": ""CCCCOC(C)=O"", ""concentration"": ""0.153"", ""temperature"": ""90""}","{""dataset_path"": ""/home/sjtu/LLMBO/ChemBO-Agent/data/DAR.csv"", ""dataset_target_column"": ""yield"", ""dataset_row_id"": ""1500"", ""oracle_kind"": ""dataset""}"
13,0.0,"{""base_SMILES"": ""O=C([O-])C.[K+]"", ""ligand_SMILES"": ""P(C1CCCCC1)(C2CCCCC2)C3CCCCC3"", ""solvent_SMILES"": ""CCCCOC(C)=O"", ""concentration"": ""0.057"", ""temperature"": ""90""}","{""dataset_path"": ""/home/sjtu/LLMBO/ChemBO-Agent/data/DAR.csv"", ""dataset_target_column"": ""yield"", ""dataset_row_id"": ""339"", ""oracle_kind"": ""dataset""}"
14,74.04,"{""base_SMILES"": ""O=C([O-])C.[K+]"", ""ligand_SMILES"": ""P(C1=CC=CC=C1)(C2=CC=CC=C2)C3=CC=CC=C3"", ""solvent_SMILES"": ""CC(N(C)C)=O"", ""concentration"": ""0.1"", ""temperature"": ""120""}","{""dataset_path"": ""/home/sjtu/LLMBO/ChemBO-Agent/data/DAR.csv"", ""dataset_target_column"": ""yield"", ""dataset_row_id"": ""196"", ""oracle_kind"": ""dataset""}"
15,0.0,"{""base_SMILES"": ""O=C([O-])C(C)(C)C.[K+]"", ""ligand_SMILES"": ""P(C1CCCCC1)(C2CCCCC2)C3CCCCC3"", ""solvent_SMILES"": ""CC1=CC=C(C)C=C1"", ""concentration"": ""0.057"", ""temperature"": ""120""}","{""dataset_path"": ""/home/sjtu/LLMBO/ChemBO-Agent/data/DAR.csv"", ""dataset_target_column"": ""yield"", ""dataset_row_id"": ""561"", ""oracle_kind"": ""dataset""}"
16,0.0,"{""base_SMILES"": ""O=C([O-])C(C)(C)C.[K+]"", ""ligand_SMILES"": ""CP(C1=CC=CC=C1)C2=CC=CC=C2"", ""solvent_SMILES"": ""CCCC#N"", ""concentration"": ""0.1"", ""temperature"": ""120""}","{""dataset_path"": ""/home/sjtu/LLMBO/ChemBO-Agent/data/DAR.csv"", ""dataset_target_column"": ""yield"", ""dataset_row_id"": ""1087"", ""oracle_kind"": ""dataset""}"
17,6.54,"{""base_SMILES"": ""O=C([O-])C(C)(C)C.[Cs+]"", ""ligand_SMILES"": ""CN(C)C1=CC=CC(N(C)C)=C1C2=CC=CC=C2P(C(C)(C)C)C3=CC=CC=C3"", ""solvent_SMILES"": ""CC(N(C)C)=O"", ""concentration"": ""0.153"", ""temperature"": ""105""}","{""dataset_path"": ""/home/sjtu/LLMBO/ChemBO-Agent/data/DAR.csv"", ""dataset_target_column"": ""yield"", ""dataset_row_id"": ""692"", ""oracle_kind"": ""dataset""}"
18,0.0,"{""base_SMILES"": ""O=C([O-])C(C)(C)C.[Cs+]"", ""ligand_SMILES"": ""CP(C)C1=CC=CC=C1"", ""solvent_SMILES"": ""CC(N(C)C)=O"", ""concentration"": ""0.057"", ""temperature"": ""120""}","{""dataset_path"": ""/home/sjtu/LLMBO/ChemBO-Agent/data/DAR.csv"", ""dataset_target_column"": ""yield"", ""dataset_row_id"": ""1367"", ""oracle_kind"": ""dataset""}"
19,26.56,"{""base_SMILES"": ""O=C([O-])C(C)(C)C.[K+]"", ""ligand_SMILES"": ""P(C1=CC=CO1)(C2=CC=CO2)C3=CC=CO3"", ""solvent_SMILES"": ""CC(N(C)C)=O"", ""concentration"": ""0.057"", ""temperature"": ""90""}","{""dataset_path"": ""/home/sjtu/LLMBO/ChemBO-Agent/data/DAR.csv"", ""dataset_target_column"": ""yield"", ""dataset_row_id"": ""1158"", ""oracle_kind"": ""dataset""}"
20,45.73,"{""base_SMILES"": ""O=C([O-])C(C)(C)C.[K+]"", ""ligand_SMILES"": ""C[C@]1(O2)O[C@](C[C@]2(C)P3C4=CC=CC=C4)(C)O[C@]3(C)C1"", ""solvent_SMILES"": ""CCCCOC(C)=O"", ""concentration"": ""0.153"", ""temperature"": ""120""}","{""dataset_path"": ""/home/sjtu/LLMBO/ChemBO-Agent/data/DAR.csv"", ""dataset_target_column"": ""yield"", ""dataset_row_id"": ""1690"", ""oracle_kind"": ""dataset""}"
21,45.85,"{""base_SMILES"": ""O=C([O-])C.[K+]"", ""ligand_SMILES"": ""P(C1=CC=CC=C1)(C2=CC=CC=C2)C3=CC=CC=C3"", ""solvent_SMILES"": ""CC(N(C)C)=O"", ""concentration"": ""0.057"", ""temperature"": ""120""}","{""dataset_path"": ""/home/sjtu/LLMBO/ChemBO-Agent/data/DAR.csv"", ""dataset_target_column"": ""yield"", ""dataset_row_id"": ""484"", ""oracle_kind"": ""dataset"", ""predicted_value"": 25.34365375930698, ""uncertainty"": 15.384547408043959, ""acquisition_value"": -6.809644372618882, ""surrogate_model"": ""gp"", ""kernel"": ""matern52"", ""acquisition_function"": ""log_ei"", ""selection_mode"": ""bo_gp""}"
22,51.83,"{""base_SMILES"": ""O=C([O-])C.[K+]"", ""ligand_SMILES"": ""P(C1=CC=CC=C1)(C2=CC=CC=C2)C3=CC=CC=C3"", ""solvent_SMILES"": ""CC(N(C)C)=O"", ""concentration"": ""0.153"", ""temperature"": ""120""}","{""dataset_path"": ""/home/sjtu/LLMBO/ChemBO-Agent/data/DAR.csv"", ""dataset_target_column"": ""yield"", ""dataset_row_id"": ""772"", ""oracle_kind"": ""dataset"", ""predicted_value"": 49.232108560196224, ""uncertainty"": 14.841058113703157, ""acquisition_value"": -3.751457668103949, ""surrogate_model"": ""gp"", ""kernel"": ""matern52"", ""acquisition_function"": ""log_ei"", ""selection_mode"": ""bo_gp""}"
23,5.47,"{""base_SMILES"": ""O=C([O-])C.[K+]"", ""ligand_SMILES"": ""CC(C)C1=CC(C(C)C)=C(C(C(C)C)=C1)C2=C(P(C3CCCCC3)C4CCCCC4)C(OC)=CC=C2OC"", ""solvent_SMILES"": ""CC(N(C)C)=O"", ""concentration"": ""0.1"", ""temperature"": ""105""}","{""dataset_path"": ""/home/sjtu/LLMBO/ChemBO-Agent/data/DAR.csv"", ""dataset_target_column"": ""yield"", ""dataset_row_id"": ""0"", ""oracle_kind"": ""dataset"", ""predicted_value"": 21.432170013381512, ""uncertainty"": 14.275055800071794, ""acquisition_value"": -2.647811084393121, ""surrogate_model"": ""gp"", ""kernel"": ""matern52"", ""acquisition_function"": ""log_ei"", ""selection_mode"": ""bo_gp""}"
24,0.0,"{""base_SMILES"": ""O=C([O-])C.[K+]"", ""ligand_SMILES"": ""CC(C)(C)P(C1=CC=CC=C1)C(C)(C)C"", ""solvent_SMILES"": ""CC(N(C)C)=O"", ""concentration"": ""0.1"", ""temperature"": ""105""}","{""dataset_path"": ""/home/sjtu/LLMBO/ChemBO-Agent/data/DAR.csv"", ""dataset_target_column"": ""yield"", ""dataset_row_id"": ""1"", ""oracle_kind"": ""dataset"", ""predicted_value"": 13.802741560047304, ""uncertainty"": 17.177827510006196, ""acquisition_value"": -2.86269984793215, ""surrogate_model"": ""gp"", ""kernel"": ""matern52"", ""acquisition_function"": ""log_ei"", ""selection_mode"": ""bo_gp""}"
25,78.95,"{""base_SMILES"": ""O=C([O-])C.[K+]"", ""ligand_SMILES"": ""CN(C)C1=CC=CC(N(C)C)=C1C2=CC=CC=C2P(C(C)(C)C)C3=CC=CC=C3"", ""solvent_SMILES"": ""CC(N(C)C)=O"", ""concentration"": ""0.1"", ""temperature"": ""105""}","{""dataset_path"": ""/home/sjtu/LLMBO/ChemBO-Agent/data/DAR.csv"", ""dataset_target_column"": ""yield"", ""dataset_row_id"": ""2"", ""oracle_kind"": ""dataset"", ""predicted_value"": 10.74333854420325, ""uncertainty"": 13.474389859342466, ""acquisition_value"": -3.3149114494847045, ""surrogate_model"": ""gp"", ""kernel"": ""matern52"", ""acquisition_function"": ""log_ei"", ""selection_mode"": ""bo_gp""}"
26,7.26,"{""base_SMILES"": ""O=C([O-])C.[K+]"", ""ligand_SMILES"": ""P(C1CCCCC1)(C2CCCCC2)C3CCCCC3"", ""solvent_SMILES"": ""CC(N(C)C)=O"", ""concentration"": ""0.1"", ""temperature"": ""105""}","{""dataset_path"": ""/home/sjtu/LLMBO/ChemBO-Agent/data/DAR.csv"", ""dataset_target_column"": ""yield"", ""dataset_row_id"": ""3"", ""oracle_kind"": ""dataset"", ""predicted_value"": 35.30191555249072, ""uncertainty"": 9.108648685527298, ""acquisition_value"": -5.646103193834253, ""surrogate_model"": ""gp"", ""kernel"": ""matern52"", ""acquisition_function"": ""log_ei"", ""selection_mode"": ""bo_gp""}"
27,28.15,"{""base_SMILES"": ""O=C([O-])C.[K+]"", ""ligand_SMILES"": ""P(C1=CC=CC=C1)(C2=CC=CC=C2)C3=CC=CC=C3"", ""solvent_SMILES"": ""CC(N(C)C)=O"", ""concentration"": ""0.1"", ""temperature"": ""105""}","{""dataset_path"": ""/home/sjtu/LLMBO/ChemBO-Agent/data/DAR.csv"", ""dataset_target_column"": ""yield"", ""dataset_row_id"": ""4"", ""oracle_kind"": ""dataset"", ""predicted_value"": 25.498802676673932, ""uncertainty"": 21.483988556960952, ""acquisition_value"": -3.76200726240514, ""surrogate_model"": ""gp"", ""kernel"": ""matern52"", ""acquisition_function"": ""log_ei"", ""selection_mode"": ""bo_gp""}"
28,65.37,"{""base_SMILES"": ""O=C([O-])C.[K+]"", ""ligand_SMILES"": ""CC(C1=C(C2=CC=CC=C2P(C3CCCCC3)C4CCCCC4)C(C(C)C)=CC(C(C)C)=C1)C"", ""solvent_SMILES"": ""CC(N(C)C)=O"", ""concentration"": ""0.1"", ""temperature"": ""105""}","{""dataset_path"": ""/home/sjtu/LLMBO/ChemBO-Agent/data/DAR.csv"", ""dataset_target_column"": ""yield"", ""dataset_row_id"": ""5"", ""oracle_kind"": ""dataset"", ""predicted_value"": 42.75562444126628, ""uncertainty"": 13.19570102796642, ""acquisition_value"": -4.034744520520238, ""surrogate_model"": ""gp"", ""kernel"": ""matern52"", ""acquisition_function"": ""log_ei"", ""selection_mode"": ""bo_gp""}"
29,0.07,"{""base_SMILES"": ""O=C([O-])C(C)(C)C.[K+]"", ""ligand_SMILES"": ""CC(C)C1=CC(C(C)C)=C(C(C(C)C)=C1)C2=C(P(C3CCCCC3)C4CCCCC4)C(OC)=CC=C2OC"", ""solvent_SMILES"": ""CC(N(C)C)=O"", ""concentration"": ""0.1"", ""temperature"": ""105""}","{""dataset_path"": ""/home/sjtu/LLMBO/ChemBO-Agent/data/DAR.csv"", ""dataset_target_column"": ""yield"", ""dataset_row_id"": ""6"", ""oracle_kind"": ""dataset"", ""predicted_value"": 24.28286727146582, ""uncertainty"": 22.10669902469569, ""acquisition_value"": -3.032933927081877, ""surrogate_model"": ""gp"", ""kernel"": ""matern52"", ""acquisition_function"": ""log_ei"", ""selection_mode"": ""bo_gp""}"
30,0.0,"{""base_SMILES"": ""O=C([O-])C(C)(C)C.[K+]"", ""ligand_SMILES"": ""CC(C)(C)P(C1=CC=CC=C1)C(C)(C)C"", ""solvent_SMILES"": ""CC(N(C)C)=O"", ""concentration"": ""0.1"", ""temperature"": ""105""}","{""dataset_path"": ""/home/sjtu/LLMBO/ChemBO-Agent/data/DAR.csv"", ""dataset_target_column"": ""yield"", ""dataset_row_id"": ""7"", ""oracle_kind"": ""dataset"", ""predicted_value"": 0.5854677230785583, ""uncertainty"": 7.6465926744131245, ""acquisition_value"": -3.226946377323883, ""surrogate_model"": ""gp"", ""kernel"": ""matern52"", ""acquisition_function"": ""log_ei"", ""selection_mode"": ""bo_gp""}"
31,28.64,"{""base_SMILES"": ""O=C([O-])C(C)(C)C.[K+]"", ""ligand_SMILES"": ""CN(C)C1=CC=CC(N(C)C)=C1C2=CC=CC=C2P(C(C)(C)C)C3=CC=CC=C3"", ""solvent_SMILES"": ""CC(N(C)C)=O"", ""concentration"": ""0.1"", ""temperature"": ""105""}","{""dataset_path"": ""/home/sjtu/LLMBO/ChemBO-Agent/data/DAR.csv"", ""dataset_target_column"": ""yield"", ""dataset_row_id"": ""8"", ""oracle_kind"": ""dataset"", ""predicted_value"": 69.34602361626389, ""uncertainty"": 10.100196599966553, ""acquisition_value"": -2.6743417933835802, ""surrogate_model"": ""gp"", ""kernel"": ""matern52"", ""acquisition_function"": ""log_ei"", ""selection_mode"": ""bo_gp""}"
32,10.44,"{""base_SMILES"": ""O=C([O-])C(C)(C)C.[K+]"", ""ligand_SMILES"": ""P(C1CCCCC1)(C2CCCCC2)C3CCCCC3"", ""solvent_SMILES"": ""CC(N(C)C)=O"", ""concentration"": ""0.1"", ""temperature"": ""105""}","{""dataset_path"": ""/home/sjtu/LLMBO/ChemBO-Agent/data/DAR.csv"", ""dataset_target_column"": ""yield"", ""dataset_row_id"": ""9"", ""oracle_kind"": ""dataset"", ""predicted_value"": 13.742124404274852, ""uncertainty"": 12.689821371336953, ""acquisition_value"": -6.241818855360871, ""surrogate_model"": ""gp"", ""kernel"": ""matern52"", ""acquisition_function"": ""log_ei"", ""selection_mode"": ""bo_gp""}"
33,63.13,"{""base_SMILES"": ""O=C([O-])C(C)(C)C.[K+]"", ""ligand_SMILES"": ""P(C1=CC=CC=C1)(C2=CC=CC=C2)C3=CC=CC=C3"", ""solvent_SMILES"": ""CC(N(C)C)=O"", ""concentration"": ""0.1"", ""temperature"": ""105""}","{""dataset_path"": ""/home/sjtu/LLMBO/ChemBO-Agent/data/DAR.csv"", ""dataset_target_column"": ""yield"", ""dataset_row_id"": ""10"", ""oracle_kind"": ""dataset"", ""predicted_value"": 7.877998452792152, ""uncertainty"": 1e-05, ""acquisition_value"": -9.347062576697667, ""surrogate_model"": ""gp"", ""kernel"": ""matern52"", ""acquisition_function"": ""log_ei"", ""selection_mode"": ""bo_gp""}"
34,77.41,"{""base_SMILES"": ""O=C([O-])C(C)(C)C.[K+]"", ""ligand_SMILES"": ""CC(C1=C(C2=CC=CC=C2P(C3CCCCC3)C4CCCCC4)C(C(C)C)=CC(C(C)C)=C1)C"", ""solvent_SMILES"": ""CC(N(C)C)=O"", ""concentration"": ""0.1"", ""temperature"": ""105""}","{""dataset_path"": ""/home/sjtu/LLMBO/ChemBO-Agent/data/DAR.csv"", ""dataset_target_column"": ""yield"", ""dataset_row_id"": ""11"", ""oracle_kind"": ""dataset"", ""predicted_value"": 16.831090784622425, ""uncertainty"": 14.784015561202432, ""acquisition_value"": -4.672909259427772, ""surrogate_model"": ""gp"", ""kernel"": ""matern52"", ""acquisition_function"": ""log_ei"", ""selection_mode"": ""bo_gp""}"
35,4.74,"{""base_SMILES"": ""O=C([O-])C.[Cs+]"", ""ligand_SMILES"": ""CC(C)C1=CC(C(C)C)=C(C(C(C)C)=C1)C2=C(P(C3CCCCC3)C4CCCCC4)C(OC)=CC=C2OC"", ""solvent_SMILES"": ""CC(N(C)C)=O"", ""concentration"": ""0.1"", ""temperature"": ""105""}","{""dataset_path"": ""/home/sjtu/LLMBO/ChemBO-Agent/data/DAR.csv"", ""dataset_target_column"": ""yield"", ""dataset_row_id"": ""12"", ""oracle_kind"": ""dataset"", ""predicted_value"": 27.52335556427578, ""uncertainty"": 3.193943039670581, ""acquisition_value"": -92.78909212818746, ""surrogate_model"": ""gp"", ""kernel"": ""matern52"", ""acquisition_function"": ""log_ei"", ""selection_mode"": ""bo_gp""}"
36,0.0,"{""base_SMILES"": ""O=C([O-])C.[Cs+]"", ""ligand_SMILES"": ""CC(C)(C)P(C1=CC=CC=C1)C(C)(C)C"", ""solvent_SMILES"": ""CC(N(C)C)=O"", ""concentration"": ""0.1"", ""temperature"": ""105""}","{""dataset_path"": ""/home/sjtu/LLMBO/ChemBO-Agent/data/DAR.csv"", ""dataset_target_column"": ""yield"", ""dataset_row_id"": ""13"", ""oracle_kind"": ""dataset"", ""predicted_value"": 24.896981022933893, ""uncertainty"": 0.040404182158430293, ""acquisition_value"": -894855.9586202181, ""surrogate_model"": ""gp"", ""kernel"": ""matern52"", ""acquisition_function"": ""log_ei"", ""selection_mode"": ""bo_gp""}"
37,29.31,"{""base_SMILES"": ""O=C([O-])C.[Cs+]"", ""ligand_SMILES"": ""CN(C)C1=CC=CC(N(C)C)=C1C2=CC=CC=C2P(C(C)(C)C)C3=CC=CC=C3"", ""solvent_SMILES"": ""CC(N(C)C)=O"", ""concentration"": ""0.1"", ""temperature"": ""105""}","{""dataset_path"": ""/home/sjtu/LLMBO/ChemBO-Agent/data/DAR.csv"", ""dataset_target_column"": ""yield"", ""dataset_row_id"": ""14"", ""oracle_kind"": ""dataset"", ""predicted_value"": 38.710697574403014, ""uncertainty"": 8.197843775926344, ""acquisition_value"": -4.4958923356730285, ""surrogate_model"": ""gp"", ""kernel"": ""matern52"", ""acquisition_function"": ""log_ei"", ""selection_mode"": ""bo_gp""}"
38,12.83,"{""base_SMILES"": ""O=C([O-])C.[Cs+]"", ""ligand_SMILES"": ""P(C1CCCCC1)(C2CCCCC2)C3CCCCC3"", ""solvent_SMILES"": ""CC(N(C)C)=O"", ""concentration"": ""0.1"", ""temperature"": ""105""}","{""dataset_path"": ""/home/sjtu/LLMBO/ChemBO-Agent/data/DAR.csv"", ""dataset_target_column"": ""yield"", ""dataset_row_id"": ""15"", ""oracle_kind"": ""dataset"", ""predicted_value"": 13.854673442406462, ""uncertainty"": 11.876194875326089, ""acquisition_value"": -7.280444712592546, ""surrogate_model"": ""gp"", ""kernel"": ""matern52"", ""acquisition_function"": ""log_ei"", ""selection_mode"": ""bo_gp""}"
39,62.82,"{""base_SMILES"": ""O=C([O-])C.[Cs+]"", ""ligand_SMILES"": ""P(C1=CC=CC=C1)(C2=CC=CC=C2)C3=CC=CC=C3"", ""solvent_SMILES"": ""CC(N(C)C)=O"", ""concentration"": ""0.1"", ""temperature"": ""105""}","{""dataset_path"": ""/home/sjtu/LLMBO/ChemBO-Agent/data/DAR.csv"", ""dataset_target_column"": ""yield"", ""dataset_row_id"": ""16"", ""oracle_kind"": ""dataset"", ""predicted_value"": 53.53098613463757, ""uncertainty"": 5.551686623485908, ""acquisition_value"": -5.958783707524088, ""surrogate_model"": ""gp"", ""kernel"": ""matern52"", ""acquisition_function"": ""log_ei"", ""selection_mode"": ""bo_gp""}"
40,87.83,"{""base_SMILES"": ""O=C([O-])C.[Cs+]"", ""ligand_SMILES"": ""CC(C1=C(C2=CC=CC=C2P(C3CCCCC3)C4CCCCC4)C(C(C)C)=CC(C(C)C)=C1)C"", ""solvent_SMILES"": ""CC(N(C)C)=O"", ""concentration"": ""0.1"", ""temperature"": ""105""}","{""dataset_path"": ""/home/sjtu/LLMBO/ChemBO-Agent/data/DAR.csv"", ""dataset_target_column"": ""yield"", ""dataset_row_id"": ""17"", ""oracle_kind"": ""dataset"", ""predicted_value"": 89.63684562935879, ""uncertainty"": 1e-05, ""acquisition_value"": -4.545881037188746, ""surrogate_model"": ""gp"", ""kernel"": ""matern52"", ""acquisition_function"": ""log_ei"", ""selection_mode"": ""bo_gp""}"
41,0.0,"{""base_SMILES"": ""O=C([O-])C(C)(C)C.[Cs+]"", ""ligand_SMILES"": ""CC(C)C1=CC(C(C)C)=C(C(C(C)C)=C1)C2=C(P(C3CCCCC3)C4CCCCC4)C(OC)=CC=C2OC"", ""solvent_SMILES"": ""CC(N(C)C)=O"", ""concentration"": ""0.1"", ""temperature"": ""105""}","{""dataset_path"": ""/home/sjtu/LLMBO/ChemBO-Agent/data/DAR.csv"", ""dataset_target_column"": ""yield"", ""dataset_row_id"": ""18"", ""oracle_kind"": ""dataset"", ""predicted_value"": 26.841977288013673, ""uncertainty"": 24.263401010840266, ""acquisition_value"": -3.0657289659184244, ""surrogate_model"": ""gp"", ""kernel"": ""matern52"", ""acquisition_function"": ""log_ei"", ""selection_mode"": ""bo_gp""}"
42,0.0,"{""base_SMILES"": ""O=C([O-])C(C)(C)C.[Cs+]"", ""ligand_SMILES"": ""CC(C)(C)P(C1=CC=CC=C1)C(C)(C)C"", ""solvent_SMILES"": ""CC(N(C)C)=O"", ""concentration"": ""0.1"", ""temperature"": ""105""}","{""dataset_path"": ""/home/sjtu/LLMBO/ChemBO-Agent/data/DAR.csv"", ""dataset_target_column"": ""yield"", ""dataset_row_id"": ""19"", ""oracle_kind"": ""dataset"", ""predicted_value"": 8.259859381807463, ""uncertainty"": 12.54986356271835, ""acquisition_value"": -4.653542271290542, ""surrogate_model"": ""gp"", ""kernel"": ""matern52"", ""acquisition_function"": ""log_ei"", ""selection_mode"": ""bo_gp""}"
43,7.62,"{""base_SMILES"": ""O=C([O-])C(C)(C)C.[Cs+]"", ""ligand_SMILES"": ""CN(C)C1=CC=CC(N(C)C)=C1C2=CC=CC=C2P(C(C)(C)C)C3=CC=CC=C3"", ""solvent_SMILES"": ""CC(N(C)C)=O"", ""concentration"": ""0.1"", ""temperature"": ""105""}","{""dataset_path"": ""/home/sjtu/LLMBO/ChemBO-Agent/data/DAR.csv"", ""dataset_target_column"": ""yield"", ""dataset_row_id"": ""20"", ""oracle_kind"": ""dataset"", ""predicted_value"": 24.234347081336935, ""uncertainty"": 5.7028517929986124, ""acquisition_value"": -4.890396641563941, ""surrogate_model"": ""gp"", ""kernel"": ""matern52"", ""acquisition_function"": ""log_ei"", ""selection_mode"": ""bo_gp""}"
44,8.85,"{""base_SMILES"": ""O=C([O-])C(C)(C)C.[Cs+]"", ""ligand_SMILES"": ""P(C1CCCCC1)(C2CCCCC2)C3CCCCC3"", ""solvent_SMILES"": ""CC(N(C)C)=O"", ""concentration"": ""0.1"", ""temperature"": ""105""}","{""dataset_path"": ""/home/sjtu/LLMBO/ChemBO-Agent/data/DAR.csv"", ""dataset_target_column"": ""yield"", ""dataset_row_id"": ""21"", ""oracle_kind"": ""dataset"", ""predicted_value"": 12.75200523689023, ""uncertainty"": 12.734070182624814, ""acquisition_value"": -3.6540038403830852, ""surrogate_model"": ""gp"", ""kernel"": ""matern52"", ""acquisition_function"": ""log_ei"", ""selection_mode"": ""bo_gp""}"
45,52.05,"{""base_SMILES"": ""O=C([O-])C(C)(C)C.[Cs+]"", ""ligand_SMILES"": ""P(C1=CC=CC=C1)(C2=CC=CC=C2)C3=CC=CC=C3"", ""solvent_SMILES"": ""CC(N(C)C)=O"", ""concentration"": ""0.1"", ""temperature"": ""105""}","{""dataset_path"": ""/home/sjtu/LLMBO/ChemBO-Agent/data/DAR.csv"", ""dataset_target_column"": ""yield"", ""dataset_row_id"": ""22"", ""oracle_kind"": ""dataset"", ""predicted_value"": 24.365138371647674, ""uncertainty"": 17.12167487041913, ""acquisition_value"": -7.7472500142569025, ""surrogate_model"": ""gp"", ""kernel"": ""matern52"", ""acquisition_function"": ""log_ei"", ""selection_mode"": ""bo_gp""}"
46,29.16,"{""base_SMILES"": ""O=C([O-])C(C)(C)C.[Cs+]"", ""ligand_SMILES"": ""CC(C1=C(C2=CC=CC=C2P(C3CCCCC3)C4CCCCC4)C(C(C)C)=CC(C(C)C)=C1)C"", ""solvent_SMILES"": ""CC(N(C)C)=O"", ""concentration"": ""0.1"", ""temperature"": ""105""}","{""dataset_path"": ""/home/sjtu/LLMBO/ChemBO-Agent/data/DAR.csv"", ""dataset_target_column"": ""yield"", ""dataset_row_id"": ""23"", ""oracle_kind"": ""dataset"", ""predicted_value"": 21.262652004038127, ""uncertainty"": 6.571990050618215, ""acquisition_value"": -8.997054481083811, ""surrogate_model"": ""gp"", ""kernel"": ""matern52"", ""acquisition_function"": ""log_ei"", ""selection_mode"": ""bo_gp""}"
47,18.44,"{""base_SMILES"": ""O=C([O-])C.[K+]"", ""ligand_SMILES"": ""CC(C)C1=CC(C(C)C)=C(C(C(C)C)=C1)C2=C(P(C3CCCCC3)C4CCCCC4)C(OC)=CC=C2OC"", ""solvent_SMILES"": ""CCCC#N"", ""concentration"": ""0.1"", ""temperature"": ""105""}","{""dataset_path"": ""/home/sjtu/LLMBO/ChemBO-Agent/data/DAR.csv"", ""dataset_target_column"": ""yield"", ""dataset_row_id"": ""24"", ""oracle_kind"": ""dataset"", ""predicted_value"": 12.073823512775332, ""uncertainty"": 19.73064925667705, ""acquisition_value"": -5.941789267269095, ""surrogate_model"": ""gp"", ""kernel"": ""matern52"", ""acquisition_function"": ""log_ei"", ""selection_mode"": ""bo_gp""}"
48,0.0,"{""base_SMILES"": ""O=C([O-])C.[K+]"", ""ligand_SMILES"": ""CC(C)(C)P(C1=CC=CC=C1)C(C)(C)C"", ""solvent_SMILES"": ""CCCC#N"", ""concentration"": ""0.1"", ""temperature"": ""105""}","{""dataset_path"": ""/home/sjtu/LLMBO/ChemBO-Agent/data/DAR.csv"", ""dataset_target_column"": ""yield"", ""dataset_row_id"": ""25"", ""oracle_kind"": ""dataset"", ""predicted_value"": 11.151817846743107, ""uncertainty"": 18.45301371947158, ""acquisition_value"": -3.4031286753158745, ""surrogate_model"": ""gp"", ""kernel"": ""matern52"", ""acquisition_function"": ""log_ei"", ""selection_mode"": ""bo_gp""}"
49,6.17,"{""base_SMILES"": ""O=C([O-])C.[K+]"", ""ligand_SMILES"": ""CN(C)C1=CC=CC(N(C)C)=C1C2=CC=CC=C2P(C(C)(C)C)C3=CC=CC=C3"", ""solvent_SMILES"": ""CCCC#N"", ""concentration"": ""0.1"", ""temperature"": ""105""}","{""dataset_path"": ""/home/sjtu/LLMBO/ChemBO-Agent/data/DAR.csv"", ""dataset_target_column"": ""yield"", ""dataset_row_id"": ""26"", ""oracle_kind"": ""dataset"", ""predicted_value"": 13.350169747730458, ""uncertainty"": 8.405700031091495, ""acquisition_value"": -4.339661094499293, ""surrogate_model"": ""gp"", ""kernel"": ""matern52"", ""acquisition_function"": ""log_ei"", ""selection_mode"": ""bo_gp""}"
50,0.0,"{""base_SMILES"": ""O=C([O-])C.[K+]"", ""ligand_SMILES"": ""P(C1CCCCC1)(C2CCCCC2)C3CCCCC3"", ""solvent_SMILES"": ""CCCC#N"", ""concentration"": ""0.1"", ""temperature"": ""105""}","{""dataset_path"": ""/home/sjtu/LLMBO/ChemBO-Agent/data/DAR.csv"", ""dataset_target_column"": ""yield"", ""dataset_row_id"": ""27"", ""oracle_kind"": ""dataset"", ""predicted_value"": 1.6642810081808825, ""uncertainty"": 10.657920096216625, ""acquisition_value"": -4.291604566981864, ""surrogate_model"": ""gp"", ""kernel"": ""matern52"", ""acquisition_function"": ""log_ei"", ""selection_mode"": ""bo_gp""}"
51,6.24,"{""base_SMILES"": ""O=C([O-])C.[K+]"", ""ligand_SMILES"": ""P(C1=CC=CC=C1)(C2=CC=CC=C2)C3=CC=CC=C3"", ""solvent_SMILES"": ""CCCC#N"", ""concentration"": ""0.1"", ""temperature"": ""105""}","{""dataset_path"": ""/home/sjtu/LLMBO/ChemBO-Agent/data/DAR.csv"", ""dataset_target_column"": ""yield"", ""dataset_row_id"": ""28"", ""oracle_kind"": ""dataset"", ""predicted_value"": 104.48291506210182, ""uncertainty"": 1e-05, ""acquisition_value"": -3.61323435356476, ""surrogate_model"": ""gp"", ""kernel"": ""matern52"", ""acquisition_function"": ""log_ei"", ""selection_mode"": ""bo_gp""}"
52,47.3,"{""base_SMILES"": ""O=C([O-])C.[K+]"", ""ligand_SMILES"": ""CC(C1=C(C2=CC=CC=C2P(C3CCCCC3)C4CCCCC4)C(C(C)C)=CC(C(C)C)=C1)C"", ""solvent_SMILES"": ""CCCC#N"", ""concentration"": ""0.1"", ""temperature"": ""105""}","{""dataset_path"": ""/home/sjtu/LLMBO/ChemBO-Agent/data/DAR.csv"", ""dataset_target_column"": ""yield"", ""dataset_row_id"": ""29"", ""oracle_kind"": ""dataset"", ""predicted_value"": 23.417353386711298, ""uncertainty"": 9.034609446307092, ""acquisition_value"": -9.697424778093698, ""surrogate_model"": ""gp"", ""kernel"": ""matern52"", ""acquisition_function"": ""log_ei"", ""selection_mode"": ""bo_gp""}"
53,56.05,"{""base_SMILES"": ""O=C([O-])C(C)(C)C.[K+]"", ""ligand_SMILES"": ""CC(C)C1=CC(C(C)C)=C(C(C(C)C)=C1)C2=C(P(C3CCCCC3)C4CCCCC4)C(OC)=CC=C2OC"", ""solvent_SMILES"": ""CCCC#N"", ""concentration"": ""0.1"", ""temperature"": ""105""}","{""dataset_path"": ""/home/sjtu/LLMBO/ChemBO-Agent/data/DAR.csv"", ""dataset_target_column"": ""yield"", ""dataset_row_id"": ""30"", ""oracle_kind"": ""dataset"", ""predicted_value"": 17.107671355819793, ""uncertainty"": 19.794607333941535, ""acquisition_value"": -3.7147536275380055, ""surrogate_model"": ""gp"", ""kernel"": ""matern52"", ""acquisition_function"": ""log_ei"", ""selection_mode"": ""bo_gp""}"
54,0.0,"{""base_SMILES"": ""O=C([O-])C(C)(C)C.[K+]"", ""ligand_SMILES"": ""CC(C)(C)P(C1=CC=CC=C1)C(C)(C)C"", ""solvent_SMILES"": ""CCCC#N"", ""concentration"": ""0.1"", ""temperature"": ""105""}","{""dataset_path"": ""/home/sjtu/LLMBO/ChemBO-Agent/data/DAR.csv"", ""dataset_target_column"": ""yield"", ""dataset_row_id"": ""31"", ""oracle_kind"": ""dataset"", ""predicted_value"": 8.795633364376036, ""uncertainty"": 18.57920908512487, ""acquisition_value"": -3.9886700874727743, ""surrogate_model"": ""gp"", ""kernel"": ""matern52"", ""acquisition_function"": ""log_ei"", ""selection_mode"": ""bo_gp""}"
55,6.39,"{""base_SMILES"": ""O=C([O-])C(C)(C)C.[K+]"", ""ligand_SMILES"": ""CN(C)C1=CC=CC(N(C)C)=C1C2=CC=CC=C2P(C(C)(C)C)C3=CC=CC=C3"", ""solvent_SMILES"": ""CCCC#N"", ""concentration"": ""0.1"", ""temperature"": ""105""}","{""dataset_path"": ""/home/sjtu/LLMBO/ChemBO-Agent/data/DAR.csv"", ""dataset_target_column"": ""yield"", ""dataset_row_id"": ""32"", ""oracle_kind"": ""dataset"", ""predicted_value"": 22.95689180425239, ""uncertainty"": 1e-05, ""acquisition_value"": -3.6300391549308504, ""surrogate_model"": ""gp"", ""kernel"": ""matern52"", ""acquisition_function"": ""log_ei"", ""selection_mode"": ""bo_gp""}"
56,0.35,"{""base_SMILES"": ""O=C([O-])C(C)(C)C.[K+]"", ""ligand_SMILES"": ""P(C1CCCCC1)(C2CCCCC2)C3CCCCC3"", ""solvent_SMILES"": ""CCCC#N"", ""concentration"": ""0.1"", ""temperature"": ""105""}","{""dataset_path"": ""/home/sjtu/LLMBO/ChemBO-Agent/data/DAR.csv"", ""dataset_target_column"": ""yield"", ""dataset_row_id"": ""33"", ""oracle_kind"": ""dataset"", ""predicted_value"": 22.562172719468684, ""uncertainty"": 3.1562270630327527, ""acquisition_value"": -203.28274064746407, ""surrogate_model"": ""gp"", ""kernel"": ""matern52"", ""acquisition_function"": ""log_ei"", ""selection_mode"": ""bo_gp""}"
57,4.28,"{""base_SMILES"": ""O=C([O-])C(C)(C)C.[K+]"", ""ligand_SMILES"": ""P(C1=CC=CC=C1)(C2=CC=CC=C2)C3=CC=CC=C3"", ""solvent_SMILES"": ""CCCC#N"", ""concentration"": ""0.1"", ""temperature"": ""105""}","{""dataset_path"": ""/home/sjtu/LLMBO/ChemBO-Agent/data/DAR.csv"", ""dataset_target_column"": ""yield"", ""dataset_row_id"": ""34"", ""oracle_kind"": ""dataset"", ""predicted_value"": 33.900853202695714, ""uncertainty"": 10.561025427545198, ""acquisition_value"": -8.230752590341522, ""surrogate_model"": ""gp"", ""kernel"": ""matern52"", ""acquisition_function"": ""log_ei"", ""selection_mode"": ""bo_gp""}"
58,56.14,"{""base_SMILES"": ""O=C([O-])C(C)(C)C.[K+]"", ""ligand_SMILES"": ""CC(C1=C(C2=CC=CC=C2P(C3CCCCC3)C4CCCCC4)C(C(C)C)=CC(C(C)C)=C1)C"", ""solvent_SMILES"": ""CCCC#N"", ""concentration"": ""0.1"", ""temperature"": ""105""}","{""dataset_path"": ""/home/sjtu/LLMBO/ChemBO-Agent/data/DAR.csv"", ""dataset_target_column"": ""yield"", ""dataset_row_id"": ""35"", ""oracle_kind"": ""dataset"", ""predicted_value"": 55.816326105065265, ""uncertainty"": 7.7086256181386945, ""acquisition_value"": -5.667674381988998, ""surrogate_model"": ""gp"", ""kernel"": ""matern52"", ""acquisition_function"": ""log_ei"", ""selection_mode"": ""bo_gp""}"
59,64.48,"{""base_SMILES"": ""O=C([O-])C.[Cs+]"", ""ligand_SMILES"": ""CC(C)C1=CC(C(C)C)=C(C(C(C)C)=C1)C2=C(P(C3CCCCC3)C4CCCCC4)C(OC)=CC=C2OC"", ""solvent_SMILES"": ""CCCC#N"", ""concentration"": ""0.1"", ""temperature"": ""105""}","{""dataset_path"": ""/home/sjtu/LLMBO/ChemBO-Agent/data/DAR.csv"", ""dataset_target_column"": ""yield"", ""dataset_row_id"": ""36"", ""oracle_kind"": ""dataset"", ""predicted_value"": 27.76850064937331, ""uncertainty"": 1e-05, ""acquisition_value"": -5.266856876897128, ""surrogate_model"": ""gp"", ""kernel"": ""matern52"", ""acquisition_function"": ""log_ei"", ""selection_mode"": ""bo_gp""}"
60,0.0,"{""base_SMILES"": ""O=C([O-])C.[Cs+]"", ""ligand_SMILES"": ""CC(C)(C)P(C1=CC=CC=C1)C(C)(C)C"", ""solvent_SMILES"": ""CCCC#N"", ""concentration"": ""0.1"", ""temperature"": ""105""}","{""dataset_path"": ""/home/sjtu/LLMBO/ChemBO-Agent/data/DAR.csv"", ""dataset_target_column"": ""yield"", ""dataset_row_id"": ""37"", ""oracle_kind"": ""dataset"", ""predicted_value"": 0.7470718248612442, ""uncertainty"": 6.625379097062848, ""acquisition_value"": -4.167749703529195, ""surrogate_model"": ""gp"", ""kernel"": ""matern52"", ""acquisition_function"": ""log_ei"", ""selection_mode"": ""bo_gp""}"
61,5.88,"{""base_SMILES"": ""O=C([O-])C.[Cs+]"", ""ligand_SMILES"": ""CN(C)C1=CC=CC(N(C)C)=C1C2=CC=CC=C2P(C(C)(C)C)C3=CC=CC=C3"", ""solvent_SMILES"": ""CCCC#N"", ""concentration"": ""0.1"", ""temperature"": ""105""}","{""dataset_path"": ""/home/sjtu/LLMBO/ChemBO-Agent/data/DAR.csv"", ""dataset_target_column"": ""yield"", ""dataset_row_id"": ""38"", ""oracle_kind"": ""dataset"", ""predicted_value"": 6.672301363248053, ""uncertainty"": 6.601981666839851, ""acquisition_value"": -3.949591719323215, ""surrogate_model"": ""gp"", ""kernel"": ""matern52"", ""acquisition_function"": ""log_ei"", ""selection_mode"": ""bo_gp""}"
62,0.57,"{""base_SMILES"": ""O=C([O-])C.[Cs+]"", ""ligand_SMILES"": ""P(C1CCCCC1)(C2CCCCC2)C3CCCCC3"", ""solvent_SMILES"": ""CCCC#N"", ""concentration"": ""0.1"", ""temperature"": ""105""}","{""dataset_path"": ""/home/sjtu/LLMBO/ChemBO-Agent/data/DAR.csv"", ""dataset_target_column"": ""yield"", ""dataset_row_id"": ""39"", ""oracle_kind"": ""dataset"", ""predicted_value"": 0.5307980578608884, ""uncertainty"": 5.886739012401556, ""acquisition_value"": -3.7745847301488586, ""surrogate_model"": ""gp"", ""kernel"": ""matern52"", ""acquisition_function"": ""log_ei"", ""selection_mode"": ""bo_gp""}"
63,3.21,"{""base_SMILES"": ""O=C([O-])C.[Cs+]"", ""ligand_SMILES"": ""P(C1=CC=CC=C1)(C2=CC=CC=C2)C3=CC=CC=C3"", ""solvent_SMILES"": ""CCCC#N"", ""concentration"": ""0.1"", ""temperature"": ""105""}","{""dataset_path"": ""/home/sjtu/LLMBO/ChemBO-Agent/data/DAR.csv"", ""dataset_target_column"": ""yield"", ""dataset_row_id"": ""40"", ""oracle_kind"": ""dataset"", ""predicted_value"": 13.075690389757302, ""uncertainty"": 15.884457293333915, ""acquisition_value"": -3.6468337215851645, ""surrogate_model"": ""gp"", ""kernel"": ""matern52"", ""acquisition_function"": ""log_ei"", ""selection_mode"": ""bo_gp""}"
64,83.83,"{""base_SMILES"": ""O=C([O-])C.[Cs+]"", ""ligand_SMILES"": ""CC(C1=C(C2=CC=CC=C2P(C3CCCCC3)C4CCCCC4)C(C(C)C)=CC(C(C)C)=C1)C"", ""solvent_SMILES"": ""CCCC#N"", ""concentration"": ""0.1"", ""temperature"": ""105""}","{""dataset_path"": ""/home/sjtu/LLMBO/ChemBO-Agent/data/DAR.csv"", ""dataset_target_column"": ""yield"", ""dataset_row_id"": ""41"", ""oracle_kind"": ""dataset"", ""predicted_value"": 48.0685090490802, ""uncertainty"": 15.814069012073892, ""acquisition_value"": -2.679875142122224, ""surrogate_model"": ""gp"", ""kernel"": ""matern52"", ""acquisition_function"": ""log_ei"", ""selection_mode"": ""bo_gp""}"
65,55.41,"{""base_SMILES"": ""O=C([O-])C(C)(C)C.[Cs+]"", ""ligand_SMILES"": ""CC(C)C1=CC(C(C)C)=C(C(C(C)C)=C1)C2=C(P(C3CCCCC3)C4CCCCC4)C(OC)=CC=C2OC"", ""solvent_SMILES"": ""CCCC#N"", ""concentration"": ""0.1"", ""temperature"": ""105""}","{""dataset_path"": ""/home/sjtu/LLMBO/ChemBO-Agent/data/DAR.csv"", ""dataset_target_column"": ""yield"", ""dataset_row_id"": ""42"", ""oracle_kind"": ""dataset"", ""predicted_value"": 27.455666858485255, ""uncertainty"": 20.687647626875393, ""acquisition_value"": -4.281259244845728, ""surrogate_model"": ""gp"", ""kernel"": ""matern52"", ""acquisition_function"": ""log_ei"", ""selection_mode"": ""bo_gp""}"
66,0.0,"{""base_SMILES"": ""O=C([O-])C(C)(C)C.[Cs+]"", ""ligand_SMILES"": ""CC(C)(C)P(C1=CC=CC=C1)C(C)(C)C"", ""solvent_SMILES"": ""CCCC#N"", ""concentration"": ""0.1"", ""temperature"": ""105""}","{""dataset_path"": ""/home/sjtu/LLMBO/ChemBO-Agent/data/DAR.csv"", ""dataset_target_column"": ""yield"", ""dataset_row_id"": ""43"", ""oracle_kind"": ""dataset"", ""predicted_value"": 9.848876224896847, ""uncertainty"": 19.904609723182652, ""acquisition_value"": -3.134146968611077, ""surrogate_model"": ""gp"", ""kernel"": ""matern52"", ""acquisition_function"": ""log_ei"", ""selection_mode"": ""bo_gp""}"
67,5.41,"{""base_SMILES"": ""O=C([O-])C(C)(C)C.[Cs+]"", ""ligand_SMILES"": ""CN(C)C1=CC=CC(N(C)C)=C1C2=CC=CC=C2P(C(C)(C)C)C3=CC=CC=C3"", ""solvent_SMILES"": ""CCCC#N"", ""concentration"": ""0.1"", ""temperature"": ""105""}","{""dataset_path"": ""/home/sjtu/LLMBO/ChemBO-Agent/data/DAR.csv"", ""dataset_target_column"": ""yield"", ""dataset_row_id"": ""44"", ""oracle_kind"": ""dataset"", ""predicted_value"": 23.92578384598551, ""uncertainty"": 27.958537514580616, ""acquisition_value"": -2.235831092457366, ""surrogate_model"": ""gp"", ""kernel"": ""matern52"", ""acquisition_function"": ""log_ei"", ""selection_mode"": ""bo_gp""}"
68,0.33,"{""base_SMILES"": ""O=C([O-])C(C)(C)C.[Cs+]"", ""ligand_SMILES"": ""P(C1CCCCC1)(C2CCCCC2)C3CCCCC3"", ""solvent_SMILES"": ""CCCC#N"", ""concentration"": ""0.1"", ""temperature"": ""105""}","{""dataset_path"": ""/home/sjtu/LLMBO/ChemBO-Agent/data/DAR.csv"", ""dataset_target_column"": ""yield"", ""dataset_row_id"": ""45"", ""oracle_kind"": ""dataset"", ""predicted_value"": 13.014558647750214, ""uncertainty"": 21.535413636489373, ""acquisition_value"": -3.1235943352767936, ""surrogate_model"": ""gp"", ""kernel"": ""matern52"", ""acquisition_function"": ""log_ei"", ""selection_mode"": ""bo_gp""}"
69,3.44,"{""base_SMILES"": ""O=C([O-])C(C)(C)C.[Cs+]"", ""ligand_SMILES"": ""P(C1=CC=CC=C1)(C2=CC=CC=C2)C3=CC=CC=C3"", ""solvent_SMILES"": ""CCCC#N"", ""concentration"": ""0.1"", ""temperature"": ""105""}","{""dataset_path"": ""/home/sjtu/LLMBO/ChemBO-Agent/data/DAR.csv"", ""dataset_target_column"": ""yield"", ""dataset_row_id"": ""46"", ""oracle_kind"": ""dataset"", ""predicted_value"": 16.508489102751525, ""uncertainty"": 4.926889346263728, ""acquisition_value"": -11.140254813003926, ""surrogate_model"": ""gp"", ""kernel"": ""matern52"", ""acquisition_function"": ""log_ei"", ""selection_mode"": ""bo_gp""}"
70,68.53,"{""base_SMILES"": ""O=C([O-])C(C)(C)C.[Cs+]"", ""ligand_SMILES"": ""CC(C1=C(C2=CC=CC=C2P(C3CCCCC3)C4CCCCC4)C(C(C)C)=CC(C(C)C)=C1)C"", ""solvent_SMILES"": ""CCCC#N"", ""concentration"": ""0.1"", ""temperature"": ""105""}","{""dataset_path"": ""/home/sjtu/LLMBO/ChemBO-Agent/data/DAR.csv"", ""dataset_target_column"": ""yield"", ""dataset_row_id"": ""47"", ""oracle_kind"": ""dataset"", ""predicted_value"": 53.10081255028005, ""uncertainty"": 14.83500803296771, ""acquisition_value"": -3.7722312506040074, ""surrogate_model"": ""gp"", ""kernel"": ""matern52"", ""acquisition_function"": ""log_ei"", ""selection_mode"": ""bo_gp""}"
71,17.09,"{""base_SMILES"": ""O=C([O-])C.[K+]"", ""ligand_SMILES"": ""CC(C)C1=CC(C(C)C)=C(C(C(C)C)=C1)C2=C(P(C3CCCCC3)C4CCCCC4)C(OC)=CC=C2OC"", ""solvent_SMILES"": ""CCCCOC(C)=O"", ""concentration"": ""0.1"", ""temperature"": ""105""}","{""dataset_path"": ""/home/sjtu/LLMBO/ChemBO-Agent/data/DAR.csv"", ""dataset_target_column"": ""yield"", ""dataset_row_id"": ""48"", ""oracle_kind"": ""dataset"", ""predicted_value"": 18.22699728952925, ""uncertainty"": 23.687985079265324, ""acquisition_value"": -3.90514668671512, ""surrogate_model"": ""gp"", ""kernel"": ""matern52"", ""acquisition_function"": ""log_ei"", ""selection_mode"": ""bo_gp""}"
72,0.0,"{""base_SMILES"": ""O=C([O-])C.[K+]"", ""ligand_SMILES"": ""CC(C)(C)P(C1=CC=CC=C1)C(C)(C)C"", ""solvent_SMILES"": ""CCCCOC(C)=O"", ""concentration"": ""0.1"", ""temperature"": ""105""}","{""dataset_path"": ""/home/sjtu/LLMBO/ChemBO-Agent/data/DAR.csv"", ""dataset_target_column"": ""yield"", ""dataset_row_id"": ""49"", ""oracle_kind"": ""dataset"", ""predicted_value"": 5.986790235147584, ""uncertainty"": 20.794908798612294, ""acquisition_value"": -1.2935724597590381, ""surrogate_model"": ""gp"", ""kernel"": ""matern52"", ""acquisition_function"": ""log_ei"", ""selection_mode"": ""bo_gp""}"
73,0.0,"{""base_SMILES"": ""O=C([O-])C.[K+]"", ""ligand_SMILES"": ""CN(C)C1=CC=CC(N(C)C)=C1C2=CC=CC=C2P(C(C)(C)C)C3=CC=CC=C3"", ""solvent_SMILES"": ""CCCCOC(C)=O"", ""concentration"": ""0.1"", ""temperature"": ""105""}","{""dataset_path"": ""/home/sjtu/LLMBO/ChemBO-Agent/data/DAR.csv"", ""dataset_target_column"": ""yield"", ""dataset_row_id"": ""50"", ""oracle_kind"": ""dataset"", ""predicted_value"": 7.851553615234257, ""uncertainty"": 6.985729884683596, ""acquisition_value"": -4.186223220141712, ""surrogate_model"": ""gp"", ""kernel"": ""matern52"", ""acquisition_function"": ""log_ei"", ""selection_mode"": ""bo_gp""}"
74,0.0,"{""base_SMILES"": ""O=C([O-])C.[K+]"", ""ligand_SMILES"": ""P(C1CCCCC1)(C2CCCCC2)C3CCCCC3"", ""solvent_SMILES"": ""CCCCOC(C)=O"", ""concentration"": ""0.1"", ""temperature"": ""105""}","{""dataset_path"": ""/home/sjtu/LLMBO/ChemBO-Agent/data/DAR.csv"", ""dataset_target_column"": ""yield"", ""dataset_row_id"": ""51"", ""oracle_kind"": ""dataset"", ""predicted_value"": 0.6280812700526326, ""uncertainty"": 5.565755536161108, ""acquisition_value"": -4.25492626351228, ""surrogate_model"": ""gp"", ""kernel"": ""matern52"", ""acquisition_function"": ""log_ei"", ""selection_mode"": ""bo_gp""}"
75,3.41,"{""base_SMILES"": ""O=C([O-])C.[K+]"", ""ligand_SMILES"": ""P(C1=CC=CC=C1)(C2=CC=CC=C2)C3=CC=CC=C3"", ""solvent_SMILES"": ""CCCCOC(C)=O"", ""concentration"": ""0.1"", ""temperature"": ""105""}","{""dataset_path"": ""/home/sjtu/LLMBO/ChemBO-Agent/data/DAR.csv"", ""dataset_target_column"": ""yield"", ""dataset_row_id"": ""52"", ""oracle_kind"": ""dataset"", ""predicted_value"": 9.549550042932442, ""uncertainty"": 15.27172755028967, ""acquisition_value"": -3.8449943274441027, ""surrogate_model"": ""gp"", ""kernel"": ""matern52"", ""acquisition_function"": ""log_ei"", ""selection_mode"": ""bo_gp""}"
76,64.62,"{""base_SMILES"": ""O=C([O-])C.[K+]"", ""ligand_SMILES"": ""CC(C1=C(C2=CC=CC=C2P(C3CCCCC3)C4CCCCC4)C(C(C)C)=CC(C(C)C)=C1)C"", ""solvent_SMILES"": ""CCCCOC(C)=O"", ""concentration"": ""0.1"", ""temperature"": ""105""}","{""dataset_path"": ""/home/sjtu/LLMBO/ChemBO-Agent/data/DAR.csv"", ""dataset_target_column"": ""yield"", ""dataset_row_id"": ""53"", ""oracle_kind"": ""dataset"", ""predicted_value"": 48.50068942983316, ""uncertainty"": 7.227172884136151, ""acquisition_value"": -4.224434854870636, ""surrogate_model"": ""gp"", ""kernel"": ""matern52"", ""acquisition_function"": ""log_ei"", ""selection_mode"": ""bo_gp""}"
77,49.22,"{""base_SMILES"": ""O=C([O-])C(C)(C)C.[K+]"", ""ligand_SMILES"": ""CC(C)C1=CC(C(C)C)=C(C(C(C)C)=C1)C2=C(P(C3CCCCC3)C4CCCCC4)C(OC)=CC=C2OC"", ""solvent_SMILES"": ""CCCCOC(C)=O"", ""concentration"": ""0.1"", ""temperature"": ""105""}","{""dataset_path"": ""/home/sjtu/LLMBO/ChemBO-Agent/data/DAR.csv"", ""dataset_target_column"": ""yield"", ""dataset_row_id"": ""54"", ""oracle_kind"": ""dataset"", ""predicted_value"": 56.81332043937738, ""uncertainty"": 5.19133854963789, ""acquisition_value"": -4.164722834249227, ""surrogate_model"": ""gp"", ""kernel"": ""matern52"", ""acquisition_function"": ""log_ei"", ""selection_mode"": ""bo_gp""}"
78,0.0,"{""base_SMILES"": ""O=C([O-])C(C)(C)C.[K+]"", ""ligand_SMILES"": ""CC(C)(C)P(C1=CC=CC=C1)C(C)(C)C"", ""solvent_SMILES"": ""CCCCOC(C)=O"", ""concentration"": ""0.1"", ""temperature"": ""105""}","{""dataset_path"": ""/home/sjtu/LLMBO/ChemBO-Agent/data/DAR.csv"", ""dataset_target_column"": ""yield"", ""dataset_row_id"": ""55"", ""oracle_kind"": ""dataset"", ""predicted_value"": 0.562280668150013, ""uncertainty"": 7.463766944220768, ""acquisition_value"": -3.0950233131963625, ""surrogate_model"": ""gp"", ""kernel"": ""matern52"", ""acquisition_function"": ""log_ei"", ""selection_mode"": ""bo_gp""}"
79,22.75,"{""base_SMILES"": ""O=C([O-])C(C)(C)C.[K+]"", ""ligand_SMILES"": ""CN(C)C1=CC=CC(N(C)C)=C1C2=CC=CC=C2P(C(C)(C)C)C3=CC=CC=C3"", ""solvent_SMILES"": ""CCCCOC(C)=O"", ""concentration"": ""0.1"", ""temperature"": ""105""}","{""dataset_path"": ""/home/sjtu/LLMBO/ChemBO-Agent/data/DAR.csv"", ""dataset_target_column"": ""yield"", ""dataset_row_id"": ""56"", ""oracle_kind"": ""dataset"", ""predicted_value"": 6.082794352424578, ""uncertainty"": 5.250799414351166, ""acquisition_value"": -4.005570422916639, ""surrogate_model"": ""gp"", ""kernel"": ""matern52"", ""acquisition_function"": ""log_ei"", ""selection_mode"": ""bo_gp""}"
80,0.0,"{""base_SMILES"": ""O=C([O-])C(C)(C)C.[K+]"", ""ligand_SMILES"": ""P(C1CCCCC1)(C2CCCCC2)C3CCCCC3"", ""solvent_SMILES"": ""CCCCOC(C)=O"", ""concentration"": ""0.1"", ""temperature"": ""105""}","{""dataset_path"": ""/home/sjtu/LLMBO/ChemBO-Agent/data/DAR.csv"", ""dataset_target_column"": ""yield"", ""dataset_row_id"": ""57"", ""oracle_kind"": ""dataset"", ""predicted_value"": 7.198160090694936, ""uncertainty"": 13.787889218394364, ""acquisition_value"": -3.767425720137974, ""surrogate_model"": ""gp"", ""kernel"": ""matern52"", ""acquisition_function"": ""log_ei"", ""selection_mode"": ""bo_gp""}"
